"file","date_created"
"checkpoint.csv","2022-12-22 11:11:33 EST"
"metadata.RDS","2022-12-22 11:11:33 EST"
"expression_voom_counts.RDS","2022-12-22 11:11:33 EST"
"expression_combat_counts.RDS","2022-12-22 11:11:34 EST"
"PCA_on_expression_combat_counts.jpg","2022-12-22 11:11:35 EST"
"PCA_on_expression_voom_counts.jpg","2022-12-22 11:11:35 EST"
"PCA_results.RDS","2022-12-22 11:11:36 EST"
"heatmap_on_expression_combat_counts.jpg","2022-12-22 11:11:37 EST"
"heatmap_on_expression_voom_counts.jpg","2022-12-22 11:11:38 EST"
"heatmap_results.RDS","2022-12-22 11:11:40 EST"
"WGCNA_correlation_heatmap_expression_combat_counts.png","2022-12-22 11:13:33 EST"
"WGCNA_results_expression_combat_counts.RDS","2022-12-22 11:13:33 EST"
"WGCNA_correlation_heatmap_expression_voom_counts.png","2022-12-22 11:15:36 EST"
"WGCNA_results_expression_voom_counts.RDS","2022-12-22 11:15:36 EST"
